"","state","Pollster","Obama","McCain","middate","days.until"
"1","AL","SurveyUSA-2",36,61,"10/27/08",8
"2","AL","Capital Survey-2",34,54,"10/15/08",20
"3","AL","SurveyUSA-2",35,62,"10/8/08",27
"4","AL","Capital Survey-2",35,55,"10/6/08",29
"5","AL","Rasmussen-1",39,60,"9/22/08",43
"6","AL","SurveyUSA-2",34,64,"9/16/08",49
"7","AL","ARG-4",36,58,"9/14/08",51
"8","AL","U. of South Alabama-8",25,52,"9/11/08",54
"9","AL","Capital Survey-7",35,55,"9/6/08",59
"10","AL","Capital Survey-7",34,47,"8/1/08",95
"11","AL","Rasmussen-1",37,55,"7/31/08",96
"12","AL","Rasmussen-1",36,51,"6/26/08",131
"13","AL","Capital Survey-2",36,49,"6/25/08",132
"14","AL","Capital Survey-5",33,57,"5/31/08",157
"15","AL","Rasmussen-1",32,60,"5/27/08",161
"16","AL","SurveyUSA-3",34,57,"5/17/08",171
"17","AL","Capital Survey-9",36,55,"4/20/08",198
"18","AL","SurveyUSA-3",32,64,"4/12/08",206
"19","AL","Rasmussen-1",37,55,"4/2/08",216
"20","AL","U. of South Alabama-4",30,57,"3/25/08",224
"21","AL","SurveyUSA-3",35,62,"3/15/08",234
"22","AL","SurveyUSA-3",40,54,"2/27/08",251
"23","AL","SurveyUSA-2",29,63,"1/16/08",293
"24","AL","Election 2004-1",37,63,"1/1/08",308
"25","AK","Research 2000-3",39,58,"10/29/08",6
"26","AK","Rasmussen-1",41,57,"10/28/08",7
"27","AK","Ivan Moore Research-3",42,53,"10/18/08",17
"28","AK","Research 2000-3",38,57,"10/15/08",20
"29","AK","Rasmussen-1",40,55,"10/6/08",29
"30","AK","Ivan Moore Research-4",38,55,"10/4/08",31
"31","AK","Fairleigh Dickinson U.-5",37,55,"9/19/08",46
"32","AK","Research 2000-3",38,55,"9/16/08",49
"33","AK","ARG-3",39,55,"9/10/08",55
"34","AK","Rasmussen-1",33,64,"9/9/08",56
"35","AK","Ivan Moore Research-4",35,54,"8/31/08",65
"36","AK","Rasmussen-1",39,44,"7/30/08",97
"37","AK","Rasmussen-1",40,45,"7/17/08",110
"38","AK","Research 2000-3",41,51,"7/15/08",112
"39","AK","Rasmussen-1",41,45,"6/16/08",141
"40","AK","Rasmussen-1",41,50,"5/14/08",174
"41","AK","Research 2000-3",42,49,"5/13/08",175
"42","AK","Rasmussen-1",43,48,"4/7/08",211
"43","AK","SurveyUSA-3",43,48,"2/27/08",251
"44","AK","Election 2004-1",35,62,"1/1/08",308
"45","AZ","ARG-3",46,50,"10/29/08",6
"46","AZ","Research 2000-3",47,48,"10/29/08",6
"47","AZ","Mason-Dixon-2",44,48,"10/27/08",8
"48","AZ","Rasmussen-1",46,51,"10/26/08",9
"49","AZ","Opinion Research-6",46,53,"10/25/08",10
"50","AZ","Arizona State U.-4",44,46,"10/24/08",11
"51","AZ","Northern Arizona U.-10",41,49,"10/22/08",13
"52","AZ","Zimmerman-4",42,44,"10/17/08",18
"53","AZ","Rasmussen-1",38,59,"9/29/08",36
"54","AZ","Arizona State U.-4",38,45,"9/26/08",39
"55","AZ","ARG-4",39,56,"9/12/08",53
"56","AZ","Arizona State U.-3",30,40,"8/15/08",81
"57","AZ","Mason-Dixon-3",41,47,"8/14/08",82
"58","AZ","Rasmussen-1",36,52,"7/30/08",97
"59","AZ","Rasmussen-1",40,49,"6/25/08",132
"60","AZ","Arizona State U.-2",28,38,"6/20/08",137
"61","AZ","Rocky Mtn Poll-9",39,50,"5/16/08",172
"62","AZ","Arizona State U.-4",38,47,"4/25/08",193
"63","AZ","Rasmussen-1",37,57,"4/15/08",203
"64","AZ","Northern Arizona U.-10",33,55,"4/3/08",215
"65","AZ","SurveyUSA-3",39,51,"2/27/08",251
"66","AZ","Arizona State U.-4",38,49,"2/22/08",256
"67","AZ","Election 2004-1",45,55,"1/1/08",308
"68","AR","ARG-4",44,51,"10/29/08",6
"69","AR","Rasmussen-1",44,54,"10/27/08",8
"70","AR","Research 2000-2",41,52,"10/21/08",14
"71","AR","U. of Arkansas-21",36,51,"10/11/08",24
"72","AR","Rasmussen-1",42,51,"9/22/08",43
"73","AR","ARG-3",41,53,"9/21/08",44
"74","AR","Rasmussen-1",37,47,"7/14/08",113
"75","AR","Rasmussen-1",41,45,"6/16/08",141
"76","AR","Rasmussen-1",39,48,"6/12/08",145
"77","AR","Rasmussen-1",33,57,"5/12/08",176
"78","AR","Rasmussen-1",30,59,"3/18/08",231
"79","AR","Opinion Res.-6",27,43,"3/8/08",241
"80","AR","SurveyUSA-3",33,53,"2/27/08",251
"81","AR","Election 2004-1",45,54,"1/1/08",308
"82","CA","SurveyUSA-3",60,36,"10/30/08",5
"83","CA","Rasmussen-1",61,34,"10/25/08",10
"84","CA","Field Poll-11",55,33,"10/23/08",12
"85","CA","SurveyUSA-2",59,35,"10/15/08",20
"86","CA","Public Policy Inst. of Calif.-8",56,33,"10/15/08",20
"87","CA","Rasmussen-1",56,40,"10/9/08",26
"88","CA","SurveyUSA-2",55,39,"10/4/08",31
"89","CA","SurveyUSA-2",53,43,"9/23/08",42
"90","CA","Rasmussen-1",56,39,"9/22/08",43
"91","CA","ARG-3",53,39,"9/19/08",46
"92","CA","Public Policy Inst. of Calif.-8",50,40,"9/12/08",53
"93","CA","Field Poll-10",52,36,"9/9/08",56
"94","CA","Rasmussen-1",51,37,"8/20/08",76
"95","CA","Pub. Policy Inst. of Calif.-8",48,39,"8/15/08",81
"96","CA","Rasmussen-1",50,38,"7/24/08",103
"97","CA","Pub. Policy Inst. of Calif.-15",50,35,"7/15/08",112
"98","CA","Field Poll-7",54,30,"7/11/08",116
"99","CA","Rasmussen-1",58,30,"6/23/08",134
"100","CA","SurveyUSA-3",53,41,"6/18/08",139
"101","CA","Field Poll-12",52,35,"5/21/08",167
"102","CA","LA Times-2",47,40,"5/20/08",168
"103","CA","Rasmussen-1",52,38,"5/20/08",168
"104","CA","SurveyUSA-3",49,41,"5/17/08",171
"105","CA","Rasmussen-1",50,43,"4/16/08",202
"106","CA","SurveyUSA-3",50,43,"4/12/08",206
"107","CA","SurveyUSA-3",54,40,"3/15/08",234
"108","CA","Public Policy Inst. of Calif.-8",49,40,"3/14/08",235
"109","CA","Rasmussen-1",53,38,"3/12/08",237
"110","CA","SurveyUSA-3",51,40,"2/27/08",251
"111","CA","SurveyUSA-3",61,34,"2/16/08",262
"112","CA","Election 2004-1",55,44,"1/1/08",308
"113","CO","ARG-3",52,45,"10/29/08",6
"114","CO","Mason-Dixon-2",49,44,"10/28/08",7
"115","CO","Marist Coll.-2",51,45,"10/27/08",8
"116","CO","Rasmussen-1",50,46,"10/26/08",9
"117","CO","Insider Advantage-1",53,45,"10/26/08",9
"118","CO","Opinion Research-6",53,45,"10/25/08",10
"119","CO","Financial Dynamics-5",48,44,"10/25/08",10
"120","CO","GfK Roper-5",50,41,"10/24/08",11
"121","CO","Public Opinion Strat.-3",52,40,"10/22/08",13
"122","CO","Insider Advantage-1",51,46,"10/20/08",15
"123","CO","Rasmussen-1",51,46,"10/19/08",16
"124","CO","Rasmussen-1",52,45,"10/16/08",19
"125","CO","Opinion Research-4",51,47,"10/12/08",23
"126","CO","Suffolk U.-4",47,43,"10/11/08",24
"127","CO","Quinnipiac U.-5",52,43,"10/10/08",25
"128","CO","Insider Advantage-1",51,45,"10/6/08",29
"129","CO","Rasmussen-1",51,45,"10/5/08",30
"130","CO","Mason-Dixon-3",44,44,"9/30/08",35
"131","CO","Rasmussen-1",49,48,"9/28/08",37
"132","CO","ARG-3",45,48,"9/24/08",41
"133","CO","Insider Advantage-1",50,41,"9/23/08",42
"134","CO","Rasmussen-1",50,47,"9/23/08",42
"135","CO","Opinion Research-3",51,47,"9/22/08",43
"136","CO","Ciruli Assoc.-5",44,43,"9/21/08",44
"137","CO","Quinnipiac U.-8",49,45,"9/17/08",48
"138","CO","Insider Advantage-1",51,41,"9/17/08",48
"139","CO","Rasmussen-1",46,48,"9/14/08",51
"140","CO","Financial Dynamics-5",45,44,"9/13/08",52
"141","CO","ARG-4",44,46,"9/11/08",54
"142","CO","Insider Advantage-2",49,46,"9/9/08",56
"143","CO","Rasmussen-1",49,46,"9/7/08",58
"144","CO","Opinion Research-3",46,47,"8/25/08",71
"145","CO","Suffolk U.-4",44,39,"8/22/08",74
"146","CO","Quinnipiac U.-7",46,47,"8/18/08",78
"147","CO","Mason-Dixon-3",46,43,"8/14/08",82
"148","CO","Rasmussen-1",45,47,"8/13/08",83
"149","CO","Rocky Mtn Poll-3",41,44,"8/12/08",84
"150","CO","Rasmussen-1",49,42,"7/21/08",106
"151","CO","Quinnipiac U.-9",44,46,"7/18/08",109
"152","CO","Quinnipiac U.-8",49,44,"6/20/08",137
"153","CO","Rasmussen-1",43,41,"6/17/08",140
"154","CO","Rasmussen-1",48,42,"5/19/08",169
"155","CO","Rasmussen-1",46,43,"4/16/08",202
"156","CO","Rasmussen-1",46,46,"3/17/08",232
"157","CO","SurveyUSA-3",50,41,"2/27/08",251
"158","CO","Election 2004-1",47,52,"1/1/08",308
"159","CT","U. of Connecticut-5",56,31,"10/20/08",15
"160","CT","Rasmussen-1",56,39,"10/14/08",21
"161","CT","SurveyUSA-2",54,38,"9/24/08",41
"162","CT","Pulsar Research-5",49,35,"9/21/08",44
"163","CT","ARG-3",54,39,"9/18/08",47
"164","CT","Rasmussen-1",53,41,"9/16/08",49
"165","CT","Rasmussen-1",51,36,"7/31/08",96
"166","CT","Research 2000-3",57,35,"7/1/08",126
"167","CT","Rasmussen-1",52,35,"6/30/08",127
"168","CT","Quinnipiac U.-4",56,35,"6/27/08",130
"169","CT","Rasmussen-1",47,44,"5/29/08",159
"170","CT","Quinnipiac U.-6",52,35,"3/21/08",228
"171","CT","Rasmussen-1",50,38,"3/11/08",238
"172","CT","SurveyUSA-3",55,34,"2/27/08",251
"173","CT","Election 2004-1",54,44,"1/1/08",308
"174","DC","ARG-3",82,13,"9/12/08",53
"175","DC","Election 2004-1",90,9,"1/1/08",308
"176","DE","SurveyUSA-2",63,33,"10/27/08",8
"177","DE","Rasmussen-1",56,41,"10/10/08",25
"178","DE","West Chester U.-3",56,38,"10/7/08",28
"179","DE","SurveyUSA-2",57,37,"9/22/08",43
"180","DE","Fairleigh Dickinson U.-5",56,36,"9/19/08",46
"181","DE","ARG-3",51,40,"9/14/08",51
"182","DE","Rasmussen-1",55,43,"9/13/08",52
"183","DE","SurveyUSA-3",50,41,"2/27/08",251
"184","DE","Election 2004-1",53,46,"1/1/08",308
"185","FL","Zogby-4",48,46,"10/31/08",4
"186","FL","ARG-3",50,46,"10/30/08",5
"187","FL","Mason-Dixon-2",47,45,"10/29/08",6
"188","FL","Datamar-2",47,47,"10/29/08",6
"189","FL","Rasmussen-1",51,47,"10/26/08",9
"190","FL","LA Times-3",50,43,"10/26/08",9
"191","FL","Datamar-2",49,44,"10/25/08",10
"192","FL","Opinion Research-6",51,47,"10/25/08",10
"193","FL","Financial Dynamics-5",45,44,"10/25/08",10
"194","FL","Zogby-4",47,47,"10/24/08",11
"195","FL","Suffolk U.-4",49,44,"10/24/08",11
"196","FL","GfK Roper-5",45,43,"10/24/08",11
"197","FL","Quinnipiac U.-5",47,45,"10/24/08",11
"198","FL","Insider Advantage-1",48,47,"10/22/08",13
"199","FL","Polling Company-3",49,42,"10/21/08",14
"200","FL","Mason-Dixon-2",45,46,"10/20/08",15
"201","FL","Rasmussen-1",48,49,"10/19/08",16
"202","FL","Quinnipiac U.-6",49,44,"10/18/08",17
"203","FL","SurveyUSA-2",47,49,"10/16/08",19
"204","FL","Research 2000-3",49,45,"10/14/08",21
"205","FL","Insider Advantage-1",48,44,"10/13/08",22
"206","FL","Datamar-2",47,42,"10/12/08",23
"207","FL","Opinion Research-4",51,46,"10/12/08",23
"208","FL","Rasmussen-1",51,46,"10/12/08",23
"209","FL","Rasmussen-1",50,47,"10/8/08",27
"210","FL","Research 2000-3",49,44,"10/7/08",28
"211","FL","Rasmussen-1",52,45,"10/5/08",30
"212","FL","Mason-Dixon-3",48,46,"10/5/08",30
"213","FL","Insider Advantage-1",49,46,"9/30/08",35
"214","FL","Opinion Research-3",51,47,"9/29/08",36
"215","FL","Suffolk U.-4",46,42,"9/28/08",37
"216","FL","Rasmussen-1",47,47,"9/28/08",37
"217","FL","Quinnipiac U.-3",51,43,"9/28/08",37
"218","FL","SurveyUSA-2",47,48,"9/27/08",38
"219","FL","Rasmussen-1",47,48,"9/24/08",41
"220","FL","ARG-3",47,46,"9/24/08",41
"221","FL","Rasmussen-1",46,51,"9/21/08",44
"222","FL","Mason-Dixon-3",47,45,"9/17/08",48
"223","FL","SurveyUSA-2",45,51,"9/16/08",49
"224","FL","Research 2000-4",45,46,"9/16/08",49
"225","FL","Schroth/Polling Co.-4",45,47,"9/15/08",50
"226","FL","ARG-4",46,46,"9/15/08",50
"227","FL","Opinion Research-3",48,48,"9/15/08",50
"228","FL","Rasmussen-1",44,49,"9/14/08",51
"229","FL","Financial Dynamics-5",44,44,"9/13/08",52
"230","FL","Research 2000-7",45,46,"9/12/08",53
"231","FL","Insider Advantage-2",42,50,"9/9/08",56
"232","FL","Rasmussen-1",48,48,"9/7/08",58
"233","FL","Quinnipiac U.-5",43,50,"9/7/08",58
"234","FL","Mason-Dixon-2",45,44,"8/25/08",71
"235","FL","Quinnipiac U.-8",43,47,"8/20/08",76
"236","FL","ARG-3",46,47,"8/19/08",77
"237","FL","Rasmussen-1",43,46,"8/18/08",78
"238","FL","Insider Advantage-1",44,48,"8/11/08",85
"239","FL","SurveyUSA-3",44,50,"8/2/08",94
"240","FL","Quinnipiac U.-7",46,44,"7/26/08",101
"241","FL","Rasmussen-1",46,45,"7/22/08",105
"242","FL","ARG-3",45,47,"7/20/08",107
"243","FL","Rasmussen-1",41,48,"6/26/08",131
"244","FL","Rasmussen-1",39,47,"6/18/08",139
"245","FL","ARG-5",49,44,"6/15/08",142
"246","FL","Quinnipiac U.-8",47,43,"6/12/08",145
"247","FL","Rasmussen-1",40,50,"5/19/08",169
"248","FL","Quinnipiac U.-8",41,45,"5/16/08",172
"249","FL","Quinnipiac U.-7",43,44,"4/26/08",192
"250","FL","Rasmussen-1",38,53,"4/10/08",208
"251","FL","Quinnipiac U.-8",37,46,"3/27/08",222
"252","FL","Rasmussen-1",43,47,"3/12/08",237
"253","FL","SurveyUSA-3",45,47,"2/27/08",251
"254","FL","Rasmussen-1",37,53,"2/16/08",262
"255","FL","Election 2004-1",47,52,"1/1/08",308
"256","GA","Rasmussen-1",47,52,"10/30/08",5
"257","GA","Research 2000-3",44,47,"10/29/08",6
"258","GA","Insider Advantage-1",47,48,"10/27/08",8
"259","GA","Opinion Research-6",47,52,"10/25/08",10
"260","GA","Insider Advantage-1",48,47,"10/23/08",12
"261","GA","Mason-Dixon-2",43,49,"10/22/08",13
"262","GA","Rasmussen-1",46,51,"10/22/08",13
"263","GA","Research 2000-2",43,49,"10/14/08",21
"264","GA","Opinion Research-4",45,53,"10/12/08",23
"265","GA","SurveyUSA-2",43,51,"10/11/08",24
"266","GA","Insider Advantage-1",46,49,"10/9/08",26
"267","GA","Rasmussen-1",45,54,"10/7/08",28
"268","GA","Insider Advantage-1",44,50,"9/30/08",35
"269","GA","Research 2000-3",43,50,"9/30/08",35
"270","GA","SurveyUSA-2",44,52,"9/28/08",37
"271","GA","ARG-4",39,57,"9/19/08",46
"272","GA","Insider Advantage-1",43,51,"9/17/08",48
"273","GA","Rasmussen-1",43,54,"9/16/08",49
"274","GA","SurveyUSA-3",41,57,"9/15/08",50
"275","GA","Insider Advantage-1",38,56,"9/10/08",55
"276","GA","Rasmussen-1",43,50,"8/14/08",82
"277","GA","Rasmussen-1",39,48,"7/17/08",110
"278","GA","Insider Advantage-1",44,46,"7/2/08",125
"279","GA","Rasmussen-1",43,53,"6/26/08",131
"280","GA","Insider Advantage-1",43,44,"6/18/08",139
"281","GA","Rasmussen-1",41,51,"6/4/08",153
"282","GA","Rasmussen-1",39,53,"5/6/08",182
"283","GA","Rasmussen-1",40,53,"3/20/08",229
"284","GA","SurveyUSA-3",41,54,"2/27/08",251
"285","GA","Election 2004-1",41,58,"1/1/08",308
"286","HI","Rasmussen-1",68,27,"9/20/08",45
"287","HI","ARG-6",63,32,"9/9/08",56
"288","HI","SurveyUSA-3",61,31,"2/27/08",251
"289","HI","Election 2004-1",54,45,"1/1/08",308
"290","ID","Research 2000-2",33,62,"9/16/08",49
"291","ID","Rasmussen-1",29,68,"9/9/08",56
"292","ID","ARG-3",25,68,"9/9/08",56
"293","ID","Greg Smith-5",29,52,"8/20/08",76
"294","ID","Research 2000-3",37,53,"7/29/08",98
"295","ID","SurveyUSA-3",39,52,"2/27/08",251
"296","ID","Election 2004-1",30,69,"1/1/08",308
"297","IL","Rasmussen-1",60,38,"11/1/08",3
"298","IL","Research 2000-4",59,35,"10/21/08",14
"299","IL","U. of Wisconsin-4",61,32,"10/20/08",15
"300","IL","Market Shares-3",56,32,"10/17/08",18
"301","IL","Rasmussen-1",56,39,"10/13/08",22
"302","IL","Rasmussen-1",56,40,"9/17/08",48
"303","IL","Research 2000-4",56,36,"9/16/08",49
"304","IL","U. of Wisconsin-4",53,37,"9/15/08",50
"305","IL","ARG-4",51,45,"9/14/08",51
"306","IL","Rasmussen-1",53,38,"8/12/08",84
"307","IL","Rasmussen-1",50,37,"7/8/08",119
"308","IL","SurveyUSA-3",60,31,"2/27/08",251
"309","IL","Election 2004-1",55,45,"1/1/08",308
"310","IN","Zogby-4",44,49,"10/31/08",4
"311","IN","ARG-4",48,48,"10/29/08",6
"312","IN","Rasmussen-2",46,49,"10/28/08",7
"313","IN","SurveyUSA-4",47,47,"10/28/08",7
"314","IN","Selzer-3",46,45,"10/27/08",8
"315","IN","Zogby-4",44,50,"10/24/08",11
"316","IN","Research 2000-3",48,47,"10/24/08",11
"317","IN","Howey-Gauge-2",45,47,"10/23/08",12
"318","IN","SurveyUSA-2",49,45,"10/21/08",14
"319","IN","U. of Wisconsin-4",51,41,"10/20/08",15
"320","IN","Rasmussen-1",43,50,"10/7/08",28
"321","IN","Opinion Research-4",46,51,"10/4/08",31
"322","IN","Research 2000-5",46,46,"10/1/08",34
"323","IN","Research 2000-3",45,46,"9/29/08",36
"324","IN","SurveyUSA-2",45,48,"9/28/08",37
"325","IN","Rasmussen-2",47,49,"9/17/08",48
"326","IN","ARG-4",44,47,"9/16/08",49
"327","IN","U. of Wisconsin-4",43,47,"9/15/08",50
"328","IN","Opinion Research-3",45,51,"9/15/08",50
"329","IN","Selzer-3",47,44,"9/15/08",50
"330","IN","Howey-Gauge-2",43,45,"8/29/08",67
"331","IN","Rasmussen-3",42,46,"8/20/08",76
"332","IN","SurveyUSA-3",44,50,"8/17/08",79
"333","IN","SurveyUSA-3",48,47,"6/22/08",135
"334","IN","Ind. Legis. Insight-6",38,47,"5/29/08",159
"335","IN","Research 2000-4",43,51,"4/22/08",196
"336","IN","Selzer-4",49,41,"4/21/08",197
"337","IN","IPFW U.-3",44,51,"4/15/08",203
"338","IN","SurveyUSA-3",41,50,"2/27/08",251
"339","IN","SurveyUSA-2",40,50,"2/3/08",275
"340","IN","Election 2004-1",39,60,"1/1/08",308
"341","IA","Selzer-4",54,37,"10/29/08",6
"342","IA","SurveyUSA-2",55,40,"10/28/08",7
"343","IA","Research 2000-3",53,39,"10/28/08",7
"344","IA","Marist Coll.-2",52,42,"10/23/08",12
"345","IA","Rasmussen-1",52,44,"10/23/08",12
"346","IA","Mason-Dixon-2",51,40,"10/22/08",13
"347","IA","U. of Wisconsin-4",52,39,"10/20/08",15
"348","IA","Research 2000-4",54,39,"10/20/08",15
"349","IA","SurveyUSA-2",54,41,"10/8/08",27
"350","IA","Research 2000-2",55,39,"9/29/08",36
"351","IA","Rasmussen-1",51,43,"9/25/08",40
"352","IA","Marist Coll.-4",51,41,"9/19/08",46
"353","IA","ARG-4",51,44,"9/18/08",47
"354","IA","SurveyUSA-2",54,43,"9/17/08",48
"355","IA","Research 2000-3",53,39,"9/16/08",49
"356","IA","U. of Wisconsin-4",45,45,"9/15/08",50
"357","IA","Selzer-3",52,40,"9/9/08",56
"358","IA","Opinion Research-3",55,40,"9/1/08",64
"359","IA","U. of Iowa-10",50,43,"8/8/08",88
"360","IA","Rasmussen-1",46,41,"8/7/08",89
"361","IA","Rasmussen-1",51,41,"7/10/08",117
"362","IA","SurveyUSA-4",49,45,"6/14/08",143
"363","IA","Rasmussen-1",45,38,"6/10/08",147
"364","IA","SurveyUSA-2",47,38,"5/21/08",167
"365","IA","Rasmussen-1",44,42,"5/13/08",175
"366","IA","Research 2000-3",49,41,"4/22/08",196
"367","IA","SurveyUSA-3",49,42,"4/12/08",206
"368","IA","Rasmussen-1",46,42,"3/31/08",218
"369","IA","SurveyUSA-3",50,44,"3/15/08",234
"370","IA","SurveyUSA-3",50,41,"2/27/08",251
"371","IA","Rasmussen-1",44,41,"2/18/08",260
"372","IA","SurveyUSA-3",51,41,"2/16/08",262
"373","IA","Election 2004-1",49,50,"1/1/08",308
"374","KS","SurveyUSA-2",37,58,"10/27/08",8
"375","KS","SurveyUSA-2",41,53,"10/21/08",14
"376","KS","Rasmussen-1",41,54,"10/13/08",22
"377","KS","SurveyUSA-2",41,53,"9/21/08",44
"378","KS","Rasmussen-1",38,58,"9/18/08",47
"379","KS","ARG-4",31,63,"9/8/08",57
"380","KS","SurveyUSA-3",35,58,"8/19/08",77
"381","KS","Rasmussen-1",37,52,"8/11/08",85
"382","KS","Rasmussen-1",32,52,"7/14/08",113
"383","KS","Rasmussen-1",37,47,"6/11/08",146
"384","KS","Research 2000-3",40,51,"6/3/08",154
"385","KS","SurveyUSA-3",39,49,"5/17/08",171
"386","KS","Rasmussen-1",34,55,"5/13/08",175
"387","KS","SurveyUSA-3",37,54,"4/12/08",206
"388","KS","SurveyUSA-3",39,51,"3/15/08",234
"389","KS","SurveyUSA-3",41,50,"2/27/08",251
"390","KS","SurveyUSA-3",44,50,"2/16/08",262
"391","KS","Election 2004-1",37,62,"1/1/08",308
"392","KY","SurveyUSA-4",40,56,"10/30/08",5
"393","KY","Rasmussen-1",43,55,"10/29/08",6
"394","KY","Research 2000-3",39,56,"10/28/08",7
"395","KY","Mason-Dixon-3",42,51,"10/28/08",7
"396","KY","Rasmussen-1",44,52,"10/21/08",14
"397","KY","Research 2000-3",39,55,"10/20/08",15
"398","KY","SurveyUSA-3",41,54,"10/19/08",16
"399","KY","Research 2000-3",39,53,"10/15/08",20
"400","KY","Rasmussen-1",42,52,"9/30/08",35
"401","KY","Mason-Dixon-4",41,53,"9/23/08",42
"402","KY","SurveyUSA-2",38,57,"9/21/08",44
"403","KY","Research 2000-3",37,55,"9/16/08",49
"404","KY","ARG-5",37,57,"9/10/08",55
"405","KY","SurveyUSA-3",37,55,"8/10/08",86
"406","KY","Rasmussen-1",39,49,"7/29/08",98
"407","KY","Research 2000-3",35,56,"7/29/08",98
"408","KY","Rasmussen-10",39,49,"7/24/08",103
"409","KY","Rasmussen-1",35,51,"6/25/08",132
"410","KY","SurveyUSA-4",41,53,"6/14/08",143
"411","KY","SurveyUSA-3",32,56,"5/17/08",171
"412","KY","Research 2000-3",33,58,"5/8/08",180
"413","KY","SurveyUSA-3",29,63,"4/12/08",206
"414","KY","SurveyUSA-3",28,64,"3/15/08",234
"415","KY","SurveyUSA-3",33,54,"2/27/08",251
"416","KY","SurveyUSA-2",32,61,"2/3/08",275
"417","KY","Election 2004-1",40,60,"1/1/08",308
"418","LA","Loyola U.-3",40,43,"10/25/08",10
"419","LA","Southeastern La. U.-4",38,51,"10/21/08",14
"420","LA","Rasmussen-1",41,57,"10/21/08",14
"421","LA","Rasmussen-1",40,55,"9/25/08",40
"422","LA","ARG-4",43,50,"9/10/08",55
"423","LA","Rasmussen-1",38,55,"8/17/08",79
"424","LA","Rasmussen-1",37,56,"7/9/08",118
"425","LA","Opinion Res.-3",36,52,"6/27/08",130
"426","LA","Rasmussen-1",41,50,"5/28/08",160
"427","LA","Rasmussen-1",41,52,"4/9/08",209
"428","LA","Opinion Res.-15",35,51,"4/2/08",216
"429","LA","SurveyUSA-3",39,54,"2/27/08",251
"430","LA","Election 2004-1",42,57,"1/1/08",308
"431","ME","Rasmussen-1",56,43,"11/1/08",3
"432","ME","SurveyUSA-2",54,39,"10/19/08",16
"433","ME","Critical Insights-4",56,35,"10/17/08",18
"434","ME","Research 2000-2",53,38,"10/14/08",21
"435","ME","Pan Atlantic SMS-4",51,39,"10/14/08",21
"436","ME","Rasmussen-1",51,46,"10/2/08",33
"437","ME","SurveyUSA-2",49,44,"9/22/08",43
"438","ME","Rasmussen-1",50,46,"9/17/08",48
"439","ME","ARG-3",51,41,"9/9/08",56
"440","ME","Research 2000-3",52,38,"9/9/08",56
"441","ME","Rasmussen-1",49,36,"8/12/08",84
"442","ME","Rasmussen-1",46,36,"7/17/08",110
"443","ME","Rasmussen-1",55,33,"6/16/08",141
"444","ME","Pan Atlantic SMS-9",37,26,"6/14/08",143
"445","ME","Critical Insights-27",51,31,"6/14/08",143
"446","ME","Rasmussen-1",51,38,"5/14/08",174
"447","ME","Rasmussen-1",49,39,"4/1/08",217
"448","ME","SurveyUSA-3",53,39,"2/27/08",251
"449","ME","Election 2004-1",53,45,"1/1/08",308
"450","MD","Rasmussen-1",60,37,"9/20/08",45
"451","MD","ARG-3",54,39,"9/18/08",47
"452","MD","Gonzales Research-8",52,38,"9/1/08",64
"453","MD","Rasmussen-1",53,41,"8/18/08",78
"454","MD","SurveyUSA-3",53,40,"2/27/08",251
"455","MD","Gonzales Res.-8",51,37,"2/26/08",252
"456","MD","Election 2004-1",56,43,"1/1/08",308
"457","MA","SurveyUSA-2",56,39,"10/27/08",8
"458","MA","Suffolk U.-3",53,34,"10/21/08",14
"459","MA","SurveyUSA-2",59,35,"10/13/08",22
"460","MA","Rasmussen-1",62,34,"10/13/08",22
"461","MA","Rasmussen-1",58,38,"9/23/08",42
"462","MA","SurveyUSA-2",55,39,"9/22/08",43
"463","MA","ARG-3",55,39,"9/21/08",44
"464","MA","Rasmussen-1",51,36,"8/5/08",91
"465","MA","Suffolk U.-4",47,38,"8/1/08",95
"466","MA","Rasmussen-1",53,33,"6/30/08",127
"467","MA","SurveyUSA-3",53,40,"6/26/08",131
"468","MA","Suffolk U.-3",53,30,"6/9/08",148
"469","MA","Rasmussen-1",51,38,"5/29/08",159
"470","MA","SurveyUSA-3",46,41,"5/17/08",171
"471","MA","Rasmussen-1",51,39,"4/23/08",195
"472","MA","SurveyUSA-3",48,46,"4/12/08",206
"473","MA","Rasmussen-1",49,42,"3/18/08",231
"474","MA","SurveyUSA-3",47,47,"3/15/08",234
"475","MA","SurveyUSA-3",49,42,"2/27/08",251
"476","MA","SurveyUSA-3",48,46,"2/16/08",262
"477","MA","Election 2004-1",62,37,"1/1/08",308
"478","MI","Selzer-4",53,37,"10/29/08",6
"479","MI","Rasmussen-1",53,43,"10/28/08",7
"480","MI","EPIC-MRA-3",50,38,"10/27/08",8
"481","MI","EPIC-MRA-4",51,37,"10/20/08",15
"482","MI","U. of Wisconsin-4",58,36,"10/20/08",15
"483","MI","Quinnipiac U.-5",54,38,"10/10/08",25
"484","MI","Rasmussen-1",56,40,"10/8/08",27
"485","MI","Selzer-3",51,38,"9/23/08",42
"486","MI","Opinion Research-3",51,46,"9/22/08",43
"487","MI","Rasmussen-1",51,44,"9/21/08",44
"488","MI","EPIC-MRA-3",48,38,"9/21/08",44
"489","MI","Mason-Dixon-6",46,46,"9/20/08",45
"490","MI","Financial Dynamics-5",47,39,"9/20/08",45
"491","MI","ARG-4",48,46,"9/17/08",48
"492","MI","Quinnipiac U.-8",48,44,"9/17/08",48
"493","MI","Marketing Resource Grp.-5",43,46,"9/17/08",48
"494","MI","Marist Coll.-2",52,43,"9/16/08",49
"495","MI","EPIC-MRA-4",43,42,"9/15/08",50
"496","MI","U. of Wisconsin-4",48,44,"9/15/08",50
"497","MI","Rasmussen-1",51,46,"9/10/08",55
"498","MI","Insider Advantage-2",44,45,"9/9/08",56
"499","MI","Opinion Research-3",49,45,"9/8/08",57
"500","MI","EPIC-MRA-4",43,41,"8/19/08",77
"501","MI","Selzer-4",46,39,"8/18/08",78
"502","MI","Rasmussen-1",47,40,"8/7/08",89
"503","MI","Quinnipiac U.-9",46,42,"7/18/08",109
"504","MI","EPIC-MRA-4",43,41,"7/14/08",113
"505","MI","Rasmussen-1",50,42,"7/10/08",117
"506","MI","Quinnipiac U.-8",48,42,"6/20/08",137
"507","MI","Rasmussen-1",45,42,"6/9/08",148
"508","MI","SurveyUSA-2",37,41,"5/27/08",161
"509","MI","EPIC-MRA-4",40,44,"5/20/08",168
"510","MI","Rasmussen-1",44,45,"5/8/08",180
"511","MI","Rasmussen-1",44,45,"5/7/08",181
"512","MI","EPIC-MRA-6",43,41,"4/5/08",213
"513","MI","Rasmussen-1",42,43,"3/25/08",224
"514","MI","Rasmussen-1",41,44,"3/10/08",239
"515","MI","SurveyUSA-3",46,45,"2/27/08",251
"516","MI","Election 2004-1",51,48,"1/1/08",308
"517","MN","SurveyUSA-3",49,46,"10/31/08",4
"518","MN","Princeton Survey-3",53,42,"10/30/08",5
"519","MN","Rasmussen-1",55,43,"10/28/08",7
"520","MN","Research 2000-3",53,38,"10/28/08",7
"521","MN","Mason-Dixon-2",48,40,"10/27/08",8
"522","MN","U. of Minnesota-5",56,37,"10/26/08",9
"523","MN","Rasmussen-1",56,41,"10/22/08",13
"524","MN","U. of Wisconsin-4",57,38,"10/20/08",15
"525","MN","Financial Dynamics-5",50,40,"10/18/08",17
"526","MN","St. Cloud State U.-9",42,37,"10/18/08",17
"527","MN","SurveyUSA-3",50,44,"10/17/08",18
"528","MN","Princeton Survey-2",52,41,"10/16/08",19
"529","MN","Star Tribune-2",52,41,"10/16/08",19
"530","MN","Research 2000-2",52,39,"10/15/08",20
"531","MN","Quinnipiac U.-5",51,40,"10/10/08",25
"532","MN","Rasmussen-1",52,45,"10/7/08",28
"533","MN","SurveyUSA-2",49,47,"10/6/08",29
"534","MN","ARG-4",47,46,"10/5/08",30
"535","MN","U. of Minnesota-3",54,40,"10/4/08",31
"536","MN","Princeton Survey-3",55,37,"10/1/08",34
"537","MN","SurveyUSA-2",46,47,"9/30/08",35
"538","MN","Opinion Research-3",54,43,"9/29/08",36
"539","MN","ARG-3",48,47,"9/19/08",46
"540","MN","Rasmussen-1",52,44,"9/18/08",47
"541","MN","Quinnipiac U.-8",47,45,"9/17/08",48
"542","MN","U. of Wisconsin-4",47,45,"9/15/08",50
"543","MN","Princeton Survey-3",45,45,"9/11/08",54
"544","MN","SurveyUSA-2",49,47,"9/10/08",55
"545","MN","Opinion Research-3",53,41,"9/1/08",64
"546","MN","SurveyUSA-2",47,45,"8/13/08",83
"547","MN","Rasmussen-1",46,42,"8/13/08",83
"548","MN","U. of Minnesota-11",48,38,"8/12/08",84
"549","MN","Rasmussen-1",49,37,"7/22/08",105
"550","MN","Quinnipiac U.-9",46,44,"7/18/08",109
"551","MN","Rasmussen-1",52,34,"7/10/08",117
"552","MN","Quinnipiac U.-8",54,37,"6/20/08",137
"553","MN","SurveyUSA-4",47,46,"6/14/08",143
"554","MN","Rasmussen-1",52,39,"6/11/08",146
"555","MN","Rasmussen-1",53,38,"5/22/08",166
"556","MN","SurveyUSA-3",47,42,"5/17/08",171
"557","MN","Star Tribune-4",51,38,"5/13/08",175
"558","MN","Rasmussen-1",52,38,"4/22/08",196
"559","MN","SurveyUSA-3",49,43,"4/12/08",206
"560","MN","Rasmussen-1",47,43,"3/19/08",230
"561","MN","SurveyUSA-3",46,47,"3/15/08",234
"562","MN","SurveyUSA-3",49,42,"2/27/08",251
"563","MN","Rasmussen-1",53,38,"2/16/08",262
"564","MN","SurveyUSA-3",55,40,"2/16/08",262
"565","MN","Election 2004-1",51,48,"1/1/08",308
"566","MS","Research 2000-3",40,53,"10/28/08",7
"567","MS","Rasmussen-1",45,53,"10/27/08",8
"568","MS","U. of South Alabama-11",33,46,"10/18/08",17
"569","MS","USA Polling Group-11",33,46,"10/18/08",17
"570","MS","Research 2000-2",40,50,"10/14/08",21
"571","MS","Rasmussen-1",44,52,"9/30/08",35
"572","MS","ARG-4",39,55,"9/14/08",51
"573","MS","Research 2000-3",39,52,"9/9/08",56
"574","MS","Rasmussen-1",41,54,"8/21/08",75
"575","MS","Rasmussen-1",41,52,"7/28/08",99
"576","MS","Research 2000-3",42,51,"7/22/08",105
"577","MS","Rasmussen-1",44,50,"6/24/08",133
"578","MS","Rasmussen-1",44,50,"5/27/08",161
"579","MS","Research 2000-3",39,54,"5/20/08",168
"580","MS","SurveyUSA-3",41,54,"2/27/08",251
"581","MS","Election 2004-1",40,60,"1/1/08",308
"582","MO","Zogby-4",47,46,"10/31/08",4
"583","MO","Mason-Dixon-2",46,47,"10/29/08",6
"584","MO","Insider Advantage-1",47,50,"10/29/08",6
"585","MO","ARG-3",48,48,"10/29/08",6
"586","MO","Rasmussen-1",48,47,"10/26/08",9
"587","MO","SurveyUSA-2",48,48,"10/25/08",10
"588","MO","Opinion Research-6",48,50,"10/25/08",10
"589","MO","Zogby-4",48,46,"10/24/08",11
"590","MO","Mason-Dixon-2",45,46,"10/22/08",13
"591","MO","Research 2000-4",48,47,"10/21/08",14
"592","MO","Rasmussen-1",49,44,"10/19/08",16
"593","MO","Suffolk U.-3",44,45,"10/18/08",17
"594","MO","Rasmussen-1",52,46,"10/15/08",20
"595","MO","Opinion Research-4",48,49,"10/12/08",23
"596","MO","Rasmussen-1",50,47,"10/12/08",23
"597","MO","SurveyUSA-2",51,43,"10/11/08",24
"598","MO","Rasmussen-1",50,47,"10/5/08",30
"599","MO","ARG-3",46,49,"10/5/08",30
"600","MO","Opinion Research-3",49,48,"9/29/08",36
"601","MO","SurveyUSA-2",46,48,"9/23/08",42
"602","MO","Research 2000-3",46,47,"9/23/08",42
"603","MO","Research 2000-4",45,49,"9/16/08",49
"604","MO","ARG-5",45,50,"9/13/08",52
"605","MO","Rasmussen-1",46,51,"9/11/08",54
"606","MO","Opinion Research-3",45,50,"9/8/08",57
"607","MO","Rasmussen-1",41,48,"8/7/08",89
"608","MO","SurveyUSA-3",44,49,"7/30/08",97
"609","MO","Research 2000-4",48,43,"7/8/08",119
"610","MO","Rasmussen-1",42,47,"7/7/08",120
"611","MO","SurveyUSA-3",43,50,"6/21/08",136
"612","MO","Rasmussen-1",43,42,"6/3/08",154
"613","MO","SurveyUSA-3",45,43,"5/17/08",171
"614","MO","Rasmussen-1",41,47,"5/6/08",182
"615","MO","SurveyUSA-3",42,50,"4/12/08",206
"616","MO","Rasmussen-1",38,53,"3/24/08",225
"617","MO","SurveyUSA-3",39,53,"3/15/08",234
"618","MO","SurveyUSA-3",42,48,"2/27/08",251
"619","MO","SurveyUSA-3",49,43,"2/16/08",262
"620","MO","Rasmussen-1",40,42,"2/12/08",266
"621","MO","Election 2004-1",46,53,"1/1/08",308
"622","MT","Rasmussen-1",46,50,"10/29/08",6
"623","MT","Research 2000-3",44,48,"10/29/08",6
"624","MT","ARG-3",46,49,"10/29/08",6
"625","MT","Mason-Dixon-3",44,48,"10/24/08",11
"626","MT","Montana State U.-5",44,40,"10/18/08",17
"627","MT","Research 2000-2",45,49,"10/15/08",20
"628","MT","ARG-3",45,50,"10/7/08",28
"629","MT","Rasmussen-1",44,52,"10/1/08",34
"630","MT","Research 2000-3",39,52,"9/23/08",42
"631","MT","Opinion Research-3",43,54,"9/22/08",43
"632","MT","Rasmussen-1",42,53,"9/8/08",57
"633","MT","ARG-3",47,49,"9/8/08",57
"634","MT","Rasmussen-1",44,45,"7/29/08",98
"635","MT","Rasmussen-1",48,43,"7/1/08",126
"636","MT","Mason-Dixon-3",39,47,"5/20/08",168
"637","MT","Rasmussen-1",43,48,"4/6/08",212
"638","MT","SurveyUSA-3",39,47,"2/27/08",251
"639","MT","Election 2004-1",39,59,"1/1/08",308
"640","NE","Rasmussen-1",37,56,"9/30/08",35
"641","NE","ARG-6",34,60,"9/14/08",51
"642","NE","Rasmussen-1",32,50,"7/28/08",99
"643","NE","Rasmussen-1",36,52,"6/23/08",134
"644","NE","Research 2000-3",29,57,"5/20/08",168
"645","NE","SurveyUSA-3",40,49,"5/17/08",171
"646","NE","Rasmussen-1",39,50,"5/15/08",173
"647","NE","SurveyUSA-3",42,45,"2/27/08",251
"648","NE","Election 2004-1",32,67,"1/1/08",308
"649","NV","Zogby-4",51,43,"10/31/08",4
"650","NV","Mason-Dixon-2",47,43,"10/28/08",7
"651","NV","Rasmussen-1",50,46,"10/27/08",8
"652","NV","Research 2000-4",50,45,"10/26/08",9
"653","NV","Suffolk U.-1",50,40,"10/26/08",9
"654","NV","Opinion Research-6",52,45,"10/25/08",10
"655","NV","Zogby-4",48,44,"10/24/08",11
"656","NV","GfK Roper-4",52,40,"10/24/08",11
"657","NV","Opinion Research-3",51,46,"10/20/08",15
"658","NV","Insider Advantage-1",47,47,"10/19/08",16
"659","NV","Rasmussen-1",50,45,"10/16/08",19
"660","NV","Insider Advantage-1",49,46,"10/13/08",22
"661","NV","Mason-Dixon-2",47,45,"10/8/08",27
"662","NV","Insider Advantage-1",49,47,"10/6/08",29
"663","NV","Research 2000-4",50,43,"10/4/08",31
"664","NV","Rasmussen-1",51,47,"10/2/08",33
"665","NV","Insider Advantage-1",48,47,"9/30/08",35
"666","NV","Opinion Research-3",51,47,"9/29/08",36
"667","NV","ARG-3",47,49,"9/28/08",37
"668","NV","Suffolk U.-5",45,46,"9/19/08",46
"669","NV","ARG-3",46,49,"9/13/08",52
"670","NV","Rasmussen-1",46,49,"9/11/08",54
"671","NV","Insider Advantage-2",45,46,"9/9/08",56
"672","NV","Opinion Research-3",49,44,"8/25/08",71
"673","NV","Research 2000-3",44,43,"8/19/08",77
"674","NV","Mason-Dixon-3",39,46,"8/14/08",82
"675","NV","Rasmussen-1",42,45,"8/11/08",85
"676","NV","Rasmussen-1",42,40,"7/16/08",111
"677","NV","Rasmussen-1",42,45,"6/18/08",139
"678","NV","Mason-Dixon-3",42,44,"6/10/08",147
"679","NV","Rasmussen-1",40,46,"5/20/08",168
"680","NV","Rasmussen-1",43,48,"4/21/08",197
"681","NV","Rasmussen-1",45,41,"3/19/08",230
"682","NV","SurveyUSA-3",46,41,"2/27/08",251
"683","NV","Rasmussen-1",50,38,"2/12/08",266
"684","NV","Election 2004-1",48,51,"1/1/08",308
"685","NH","Rasmussen-1",50,46,"10/30/08",5
"686","NH","SurveyUSA-2",53,42,"10/29/08",6
"687","NH","Research 2000-3",51,44,"10/29/08",6
"688","NH","U. of New Hampshire-3",53,39,"10/29/08",6
"689","NH","ARG-3",56,41,"10/29/08",6
"690","NH","Suffolk U.-3",53,40,"10/28/08",7
"691","NH","U. of New Hampshire-3",58,33,"10/26/08",9
"692","NH","Mason-Dixon-3",50,39,"10/24/08",11
"693","NH","GfK Roper-5",55,37,"10/24/08",11
"694","NH","Rasmussen-1",50,46,"10/23/08",12
"695","NH","Marist Coll.-2",50,45,"10/22/08",13
"696","NH","U. of New Hampshire-5",54,39,"10/20/08",15
"697","NH","Research 2000-3",50,43,"10/18/08",17
"698","NH","ARG-3",52,43,"10/7/08",28
"699","NH","SurveyUSA-2",53,40,"10/4/08",31
"700","NH","Opinion Research-4",53,45,"10/4/08",31
"701","NH","Rasmussen-1",53,43,"10/1/08",34
"702","NH","Saint Anselm Coll.-6",49,37,"9/27/08",38
"703","NH","Rasmussen-1",47,49,"9/23/08",42
"704","NH","Research 2000-3",48,44,"9/23/08",42
"705","NH","Suffolk U.-5",46,45,"9/22/08",43
"706","NH","Financial Dynamics-5",44,43,"9/20/08",45
"707","NH","Marist Coll.-5",51,45,"9/19/08",46
"708","NH","U. of New Hampshire-8",45,47,"9/17/08",48
"709","NH","ARG-3",45,48,"9/14/08",51
"710","NH","Opinion Research-3",51,45,"9/8/08",57
"711","NH","Rasmussen-1",43,42,"8/19/08",77
"712","NH","ARG-3",46,45,"8/19/08",77
"713","NH","Rasmussen-1",47,41,"7/23/08",104
"714","NH","ARG-3",47,45,"7/20/08",107
"715","NH","U. of New Hampshire-10",46,43,"7/15/08",112
"716","NH","Rasmussen-1",50,39,"6/18/08",139
"717","NH","ARG-5",51,39,"6/15/08",142
"718","NH","Rasmussen-1",48,43,"5/21/08",167
"719","NH","Rasmussen-1",41,51,"4/30/08",188
"720","NH","Dartmouth Coll.-5",39,42,"4/30/08",188
"721","NH","U. of New Hampshire-6",43,49,"4/27/08",191
"722","NH","Rasmussen-1",43,46,"3/16/08",233
"723","NH","SurveyUSA-3",46,44,"2/27/08",251
"724","NH","Rasmussen-1",49,36,"2/11/08",267
"725","NH","Election 2004-1",50,49,"1/1/08",308
"726","NJ","SurveyUSA-2",52,42,"10/29/08",6
"727","NJ","Research 2000-3",54,38,"10/27/08",8
"728","NJ","Monmouth U.-7",55,34,"10/27/08",8
"729","NJ","Fairleigh Dickinson U.-7",53,35,"10/26/08",9
"730","NJ","Marist Coll.-2",56,39,"10/20/08",15
"731","NJ","Quinnipiac U.-4",59,36,"10/17/08",18
"732","NJ","Monmouth U.-4",55,38,"10/16/08",19
"733","NJ","SurveyUSA-2",55,40,"10/11/08",24
"734","NJ","Rasmussen-1",50,42,"10/7/08",28
"735","NJ","Fairleigh Dickinson U.-7",50,37,"10/2/08",33
"736","NJ","SurveyUSA-2",52,42,"9/27/08",38
"737","NJ","ARG-3",51,42,"9/20/08",45
"738","NJ","Rasmussen-1",55,42,"9/16/08",49
"739","NJ","Monmouth U.-4",49,41,"9/12/08",53
"740","NJ","Quinnipiac U.-5",48,45,"9/12/08",53
"741","NJ","Research 2000-3",50,41,"9/10/08",55
"742","NJ","Marist Coll.-4",48,45,"9/6/08",59
"743","NJ","Fairleigh Dickinson U.-4",47,41,"9/5/08",60
"744","NJ","Quinnipiac U.-7",51,41,"8/7/08",89
"745","NJ","Rasmussen-1",48,40,"8/4/08",92
"746","NJ","Monmouth U.-5",50,36,"7/19/08",108
"747","NJ","Rasmussen-31",44,39,"6/22/08",135
"748","NJ","Fairleigh Dickinson U.-7",49,33,"6/20/08",137
"749","NJ","Quinnipiac U.-4",45,39,"6/6/08",151
"750","NJ","Rasmussen-1",48,39,"6/4/08",153
"751","NJ","Research 2000-5",48,40,"4/27/08",191
"752","NJ","Monmouth U.-5",56,32,"4/26/08",192
"753","NJ","Rasmussen-1",45,46,"3/27/08",222
"754","NJ","Fairleigh Dickinson U.-7",47,42,"3/27/08",222
"755","NJ","Rasmussen-1",43,45,"2/27/08",251
"756","NJ","SurveyUSA-3",43,43,"2/27/08",251
"757","NJ","Fairleigh Dickinson U.-7",43,38,"2/21/08",257
"758","NJ","Quinnipiac U.-6",46,39,"2/15/08",263
"759","NJ","Election 2004-1",53,47,"1/1/08",308
"760","NM","SurveyUSA-3",52,45,"10/30/08",5
"761","NM","Research and Polling-3",51,43,"10/29/08",6
"762","NM","Rasmussen-1",54,44,"10/28/08",7
"763","NM","Rasmussen-1",55,42,"10/13/08",22
"764","NM","SurveyUSA-2",52,45,"10/12/08",23
"765","NM","Rasmussen-1",49,44,"10/1/08",34
"766","NM","Research and Polling-4",45,40,"9/30/08",35
"767","NM","SurveyUSA-2",52,44,"9/29/08",36
"768","NM","ARG-3",51,44,"9/15/08",50
"769","NM","SurveyUSA-3",52,44,"9/15/08",50
"770","NM","Financial Dynamics-5",49,42,"9/13/08",52
"771","NM","Rasmussen-1",47,49,"9/8/08",57
"772","NM","Opinion Research-3",53,40,"8/25/08",71
"773","NM","Rasmussen-1",47,41,"8/20/08",76
"774","NM","Mason-Dixon-3",41,45,"8/14/08",82
"775","NM","Rasmussen-1",46,41,"7/24/08",103
"776","NM","Rasmussen-1",47,39,"6/18/08",139
"777","NM","SurveyUSA-3",49,46,"6/18/08",139
"778","NM","SurveyUSA-3",44,44,"5/17/08",171
"779","NM","Rasmussen-1",50,41,"5/14/08",174
"780","NM","SurveyUSA-3",44,50,"4/12/08",206
"781","NM","Rasmussen-1",45,42,"4/8/08",210
"782","NM","SurveyUSA-3",51,45,"3/15/08",234
"783","NM","SurveyUSA-3",50,43,"2/27/08",251
"784","NM","Rasmussen-2",44,44,"2/17/08",261
"785","NM","SurveyUSA-3",55,40,"2/16/08",262
"786","NM","SurveyUSA-2",41,50,"1/20/08",289
"787","NM","Election 2004-1",49,50,"1/1/08",308
"788","NY","SurveyUSA-2",62,33,"10/27/08",8
"789","NY","Marist Coll.-2",65,29,"10/21/08",14
"790","NY","Siena Coll.-3",62,31,"10/20/08",15
"791","NY","Rasmussen-1",57,37,"10/14/08",21
"792","NY","SurveyUSA-2",64,31,"10/11/08",24
"793","NY","Siena Coll.-3",58,36,"9/29/08",36
"794","NY","SurveyUSA-2",57,38,"9/23/08",42
"795","NY","Rasmussen-1",55,42,"9/15/08",50
"796","NY","ARG-3",55,38,"9/15/08",50
"797","NY","Siena Coll.-3",46,41,"9/9/08",56
"798","NY","Siena Coll.-4",47,39,"8/12/08",84
"799","NY","Rasmussen-1",52,32,"8/4/08",92
"800","NY","Quinnipiac U.-5",57,36,"8/2/08",94
"801","NY","Siena Coll.-13",44,26,"7/23/08",104
"802","NY","Siena Coll.-4",50,37,"7/8/08",119
"803","NY","Rasmussen-1",60,29,"6/30/08",127
"804","NY","SurveyUSA-3",57,37,"6/26/08",131
"805","NY","Siena Coll.-3",51,33,"6/10/08",147
"806","NY","NY Times-6",51,32,"6/8/08",149
"807","NY","Quinnipiac U.-6",50,36,"6/5/08",152
"808","NY","Rasmussen-1",52,33,"5/28/08",160
"809","NY","SurveyUSA-3",48,38,"5/17/08",171
"810","NY","SurveyUSA-2",48,38,"5/16/08",172
"811","NY","Siena Coll.-3",49,38,"5/13/08",175
"812","NY","Rasmussen-1",52,35,"5/1/08",187
"813","NY","Quinnipiac U.-2",47,39,"4/14/08",204
"814","NY","Siena Coll.-4",45,40,"4/14/08",204
"815","NY","SurveyUSA-3",52,43,"4/12/08",206
"816","NY","Marist Coll.-6",46,48,"4/5/08",213
"817","NY","Quinnipiac U.-3",49,38,"3/17/08",232
"818","NY","SurveyUSA-3",52,44,"3/15/08",234
"819","NY","Rasmussen-1",51,38,"3/11/08",238
"820","NY","SurveyUSA-3",52,38,"2/27/08",251
"821","NY","SurveyUSA-3",57,36,"2/16/08",262
"822","NY","Siena Coll.-4",47,40,"2/12/08",266
"823","NY","SurveyUSA-2",49,43,"1/20/08",289
"824","NY","Siena Coll.-4",44,42,"1/15/08",294
"825","NY","Election 2004-1",58,41,"1/1/08",308
"826","NC","Zogby-4",48,49,"10/31/08",4
"827","NC","Mason-Dixon-2",46,49,"10/29/08",6
"828","NC","Insider Advantage-1",48,48,"10/29/08",6
"829","NC","Rasmussen-1",50,48,"10/29/08",6
"830","NC","Research 2000-3",47,45,"10/29/08",6
"831","NC","Elon U.-4",45,38,"10/28/08",7
"832","NC","Rasmussen-1",48,49,"10/26/08",9
"833","NC","Opinion Research-6",52,46,"10/25/08",10
"834","NC","Financial Dynamics-5",47,43,"10/25/08",10
"835","NC","Zogby-4",50,46,"10/24/08",11
"836","NC","GfK Roper-5",48,46,"10/24/08",11
"837","NC","Rasmussen-1",48,50,"10/23/08",12
"838","NC","Mason-Dixon-3",47,47,"10/23/08",12
"839","NC","Marshall Marketing-2",48,46,"10/20/08",15
"840","NC","Opinion Research-3",51,47,"10/20/08",15
"841","NC","Insider Advantage-1",49,48,"10/19/08",16
"842","NC","Rasmussen-1",51,48,"10/19/08",16
"843","NC","SurveyUSA-3",47,47,"10/19/08",16
"844","NC","Research 2000-2",46,44,"10/14/08",21
"845","NC","Insider Advantage-1",48,46,"10/13/08",22
"846","NC","Rasmussen-1",48,48,"10/12/08",23
"847","NC","Winthrop U.-22",45,44,"10/8/08",27
"848","NC","Rasmussen-1",49,48,"10/8/08",27
"849","NC","Marshall Marketing-2",46,48,"10/6/08",29
"850","NC","SurveyUSA-2",46,49,"10/5/08",30
"851","NC","Opinion Research-4",49,49,"10/4/08",31
"852","NC","Rasmussen-1",50,47,"9/30/08",35
"853","NC","ARG-3",46,49,"9/28/08",37
"854","NC","Rasmussen-1",49,47,"9/23/08",42
"855","NC","Rasmussen-1",47,50,"9/18/08",47
"856","NC","Elon U.-4",35,41,"9/16/08",49
"857","NC","Opinion Research-3",47,48,"9/15/08",50
"858","NC","ARG-4",41,52,"9/14/08",51
"859","NC","Research 2000-3",38,55,"9/9/08",56
"860","NC","SurveyUSA-3",38,58,"9/7/08",58
"861","NC","Insider Advantage-1",43,45,"8/19/08",77
"862","NC","Rasmussen-1",42,46,"8/13/08",83
"863","NC","SurveyUSA-3",45,49,"8/10/08",86
"864","NC","Rasmussen-1",42,45,"7/15/08",112
"865","NC","SurveyUSA-3",45,50,"7/13/08",114
"866","NC","Rasmussen-1",43,45,"6/10/08",147
"867","NC","SurveyUSA-3",43,51,"5/18/08",170
"868","NC","Rasmussen-1",45,48,"5/8/08",180
"869","NC","Research 2000-3",41,50,"4/29/08",189
"870","NC","Rasmussen-1",47,47,"4/10/08",208
"871","NC","Tel Opinion Research-2",39,48,"4/9/08",209
"872","NC","Rasmussen-1",42,51,"3/20/08",229
"873","NC","SurveyUSA-3",45,47,"2/27/08",251
"874","NC","Election 2004-1",44,56,"1/1/08",308
"875","ND","Research 2000-2",46,47,"10/28/08",7
"876","ND","Research 2000-2",45,45,"10/14/08",21
"877","ND","Minnesota State U.-3",45,43,"10/7/08",28
"878","ND","Research 2000-2",40,53,"9/16/08",49
"879","ND","ARG-3",43,52,"9/16/08",49
"880","ND","Rasmussen-1",41,55,"9/8/08",57
"881","ND","DFM Research-5",43,40,"8/25/08",71
"882","ND","Research 2000-3",42,45,"7/22/08",105
"883","ND","Rasmussen-1",43,43,"7/8/08",119
"884","ND","Dakota Wesleyan U.-11",38,44,"3/29/08",220
"885","ND","SurveyUSA-3",46,42,"2/27/08",251
"886","ND","Election 2004-1",36,63,"1/1/08",308
"887","OH","Zogby-4",50,44,"10/31/08",4
"888","OH","Mason-Dixon-2",45,47,"10/29/08",6
"889","OH","SurveyUSA-2",49,45,"10/26/08",9
"890","OH","Columbus Dispatch-10",52,46,"10/26/08",9
"891","OH","Rasmussen-1",49,45,"10/26/08",9
"892","OH","LA Times-3",49,40,"10/26/08",9
"893","OH","Opinion Research-6",51,47,"10/25/08",10
"894","OH","Marist Coll.-3",48,45,"10/25/08",10
"895","OH","Financial Dynamics-5",48,41,"10/25/08",10
"896","OH","Zogby-4",50,45,"10/24/08",11
"897","OH","GfK Roper-5",48,41,"10/24/08",11
"898","OH","Quinnipiac U.-5",51,42,"10/24/08",11
"899","OH","Insider Advantage-1",52,42,"10/22/08",13
"900","OH","U. of Wisconsin-4",53,41,"10/20/08",15
"901","OH","Opinion Research-3",50,46,"10/20/08",15
"902","OH","U. of Cincinnati-5",49,46,"10/20/08",15
"903","OH","Rasmussen-1",47,49,"10/19/08",16
"904","OH","Quinnipiac U.-6",52,38,"10/18/08",17
"905","OH","Suffolk U.-4",51,42,"10/17/08",18
"906","OH","Ohio U.-12",57,41,"10/17/08",18
"907","OH","Mason-Dixon-2",45,46,"10/16/08",19
"908","OH","Rasmussen-1",49,49,"10/14/08",21
"909","OH","SurveyUSA-2",50,45,"10/12/08",23
"910","OH","Rasmussen-1",49,47,"10/12/08",23
"911","OH","Insider Advantage-1",49,44,"10/9/08",26
"912","OH","Marist Coll.-4",49,45,"10/6/08",29
"913","OH","U. of Cincinnati-5",46,48,"10/6/08",29
"914","OH","ARG-4",48,45,"10/5/08",30
"915","OH","Rasmussen-1",47,48,"10/5/08",30
"916","OH","Opinion Research-4",50,47,"10/4/08",31
"917","OH","U. of Akron-22",45,41,"10/4/08",31
"918","OH","ABC News-3",51,45,"10/4/08",31
"919","OH","Washington Post-3",51,45,"10/4/08",31
"920","OH","Insider Advantage-1",47,45,"9/29/08",36
"921","OH","SurveyUSA-2",48,49,"9/28/08",37
"922","OH","Columbus Dispatch-10",49,42,"9/28/08",37
"923","OH","Rasmussen-1",47,48,"9/28/08",37
"924","OH","Quinnipiac U.-3",50,42,"9/28/08",37
"925","OH","Rasmussen-1",46,47,"9/23/08",42
"926","OH","Insider Advantage-1",46,46,"9/22/08",43
"927","OH","Rasmussen-1",46,50,"9/21/08",44
"928","OH","U. of Wisconsin-4",46,45,"9/15/08",50
"929","OH","Opinion Research-3",49,47,"9/15/08",50
"930","OH","Rasmussen-1",45,48,"9/14/08",51
"931","OH","U. of Cincinnati-5",42,48,"9/14/08",51
"932","OH","SurveyUSA-3",45,49,"9/13/08",52
"933","OH","Financial Dynamics-5",41,42,"9/13/08",52
"934","OH","Marist Coll.-5",47,45,"9/13/08",52
"935","OH","Suffolk U.-4",42,46,"9/11/08",54
"936","OH","ARG-4",44,50,"9/11/08",54
"937","OH","Insider Advantage-2",47,48,"9/9/08",56
"938","OH","U. of Cincinnati-6",44,48,"9/7/08",58
"939","OH","Rasmussen-1",44,51,"9/7/08",58
"940","OH","Quinnipiac U.-5",49,44,"9/7/08",58
"941","OH","Opinion Research-3",47,45,"9/1/08",64
"942","OH","Quinnipiac U.-8",44,43,"8/20/08",76
"943","OH","Rasmussen-1",41,45,"8/18/08",78
"944","OH","Columbus Dispatch-10",41,42,"8/16/08",80
"945","OH","U. of Akron-32",40,40,"8/1/08",95
"946","OH","Quinnipiac U.-7",46,44,"7/26/08",101
"947","OH","Rasmussen-1",40,46,"7/21/08",106
"948","OH","SurveyUSA-3",48,46,"6/21/08",136
"949","OH","Rasmussen-1",43,44,"6/17/08",140
"950","OH","Quinnipiac U.-8",48,42,"6/12/08",145
"951","OH","SurveyUSA-3",48,39,"5/17/08",171
"952","OH","Quinnipiac U.-8",40,44,"5/16/08",172
"953","OH","Rasmussen-1",44,45,"5/14/08",174
"954","OH","Quinnipiac U.-7",42,43,"4/26/08",192
"955","OH","SurveyUSA-3",45,47,"4/12/08",206
"956","OH","Rasmussen-1",40,47,"4/8/08",210
"957","OH","Quinnipiac U.-8",43,42,"3/27/08",222
"958","OH","SurveyUSA-3",43,50,"3/15/08",234
"959","OH","Rasmussen-1",40,46,"3/13/08",236
"960","OH","SurveyUSA-3",50,40,"2/27/08",251
"961","OH","U. of Cincinnati-4",48,47,"2/22/08",256
"962","OH","Rasmussen-1",41,42,"2/17/08",261
"963","OH","SurveyUSA-3",47,44,"2/16/08",262
"964","OH","Quinnipiac U.-7",40,42,"2/9/08",269
"965","OH","SurveyUSA-3",43,50,"1/5/08",304
"966","OH","Election 2004-1",49,51,"1/1/08",308
"967","OK","SurveyUSA-2",34,63,"10/28/08",7
"968","OK","SurveyUSA-2",35,59,"10/18/08",17
"969","OK","TV Poll-3",32,63,"10/11/08",24
"970","OK","TV Poll-2",29,66,"10/4/08",31
"971","OK","SurveyUSA-2",34,64,"9/28/08",37
"972","OK","Research 2000-2",36,59,"9/16/08",49
"973","OK","ARG-4",34,61,"9/16/08",49
"974","OK","Rasmussen-1",32,63,"9/11/08",54
"975","OK","SurveyUSA-3",32,65,"9/6/08",59
"976","OK","Sooner Poll-5",24,56,"7/21/08",106
"977","OK","Research 2000-3",38,52,"6/10/08",147
"978","OK","SurveyUSA-3",34,57,"2/27/08",251
"979","OK","Election 2004-1",34,66,"1/1/08",308
"980","OR","Rasmussen-1",54,42,"10/30/08",5
"981","OR","SurveyUSA-2",57,38,"10/29/08",6
"982","OR","Research 2000-3",55,39,"10/28/08",7
"983","OR","SurveyUSA-2",57,38,"10/25/08",10
"984","OR","Northern Arizona U.-10",49,41,"10/22/08",13
"985","OR","Riley Research-11",48,34,"10/15/08",20
"986","OR","Research 2000-2",53,38,"10/14/08",21
"987","OR","Rasmussen-1",54,41,"10/14/08",21
"988","OR","SurveyUSA-2",57,40,"10/11/08",24
"989","OR","Rasmussen-1",54,43,"10/9/08",26
"990","OR","Research 2000-3",53,39,"9/23/08",42
"991","OR","SurveyUSA-2",52,41,"9/22/08",43
"992","OR","ARG-4",52,41,"9/20/08",45
"993","OR","Rasmussen-1",51,47,"9/15/08",50
"994","OR","Davis Hibbitts Midghall-4",50,40,"9/12/08",53
"995","OR","Rasmussen-1",47,37,"8/7/08",89
"996","OR","SurveyUSA-3",48,45,"8/3/08",93
"997","OR","Rasmussen-1",46,37,"7/16/08",111
"998","OR","SurveyUSA-3",48,45,"6/18/08",139
"999","OR","Rasmussen-1",46,38,"6/11/08",146
"1000","OR","SurveyUSA-3",49,39,"5/17/08",171
"1001","OR","Rasmussen-1",52,38,"5/7/08",181
"1002","OR","SurveyUSA-3",51,42,"4/12/08",206
"1003","OR","Rasmussen-1",48,42,"3/26/08",223
"1004","OR","SurveyUSA-3",50,41,"3/15/08",234
"1005","OR","SurveyUSA-3",49,41,"2/27/08",251
"1006","OR","SurveyUSA-3",48,47,"2/16/08",262
"1007","OR","Rasmussen-1",49,40,"2/13/08",265
"1008","OR","Riley Res.-12",46,38,"2/12/08",266
"1009","OR","SurveyUSA-3",47,47,"1/12/08",297
"1010","OR","Election 2004-1",52,48,"1/1/08",308
"1011","PA","Rasmussen-1",52,46,"11/1/08",3
"1012","PA","Zogby-4",54,40,"10/31/08",4
"1013","PA","Rasmussen-1",51,47,"10/30/08",5
"1014","PA","SurveyUSA-3",51,44,"10/30/08",5
"1015","PA","ARG-3",51,45,"10/30/08",5
"1016","PA","Muhlenberg Coll.-5",52,45,"10/30/08",5
"1017","PA","Mason-Dixon-2",47,43,"10/27/08",8
"1018","PA","Rasmussen-1",53,46,"10/27/08",8
"1019","PA","Marist Coll.-2",55,41,"10/26/08",9
"1020","PA","Insider Advantage-1",51,42,"10/26/08",9
"1021","PA","Opinion Research-6",55,43,"10/25/08",10
"1022","PA","Muhlenberg Coll.-5",53,41,"10/25/08",10
"1023","PA","GfK Roper-5",52,40,"10/24/08",11
"1024","PA","Siena Coll.-5",53,40,"10/24/08",11
"1025","PA","Quinnipiac U.-5",53,41,"10/24/08",11
"1026","PA","Franklin+Marshall Coll.-6",53,40,"10/23/08",12
"1027","PA","Temple U.-7",50,41,"10/23/08",12
"1028","PA","SurveyUSA-2",53,41,"10/21/08",14
"1029","PA","U. of Wisconsin-4",52,41,"10/20/08",15
"1030","PA","Muhlenberg Coll.-5",52,42,"10/20/08",15
"1031","PA","Quinnipiac U.-6",53,40,"10/18/08",17
"1032","PA","Financial Dynamics-5",51,41,"10/18/08",17
"1033","PA","Susquehanna Polling-4",48,40,"10/17/08",18
"1034","PA","Muhlenberg Coll.-5",52,39,"10/15/08",20
"1035","PA","SurveyUSA-3",55,40,"10/12/08",23
"1036","PA","Muhlenberg Coll.-5",51,38,"10/10/08",25
"1037","PA","Muhlenberg Coll.-5",50,39,"10/7/08",28
"1038","PA","Marist Coll.-4",53,41,"10/6/08",29
"1039","PA","Rasmussen-1",54,41,"10/6/08",29
"1040","PA","SurveyUSA-2",55,40,"10/5/08",30
"1041","PA","West Chester U.-4",52,42,"10/4/08",31
"1042","PA","Muhlenberg Coll.-5",50,40,"10/2/08",33
"1043","PA","Rasmussen-1",50,42,"9/28/08",37
"1044","PA","Quinnipiac U.-3",54,39,"9/28/08",37
"1045","PA","Muhlenberg Coll.-5",49,41,"9/27/08",38
"1046","PA","Franklin+Marshall Coll.-6",48,43,"9/25/08",40
"1047","PA","Rasmussen-1",49,45,"9/24/08",41
"1048","PA","SurveyUSA-2",50,44,"9/23/08",42
"1049","PA","Muhlenberg Coll.-5",47,43,"9/23/08",42
"1050","PA","Opinion Research-3",53,44,"9/22/08",43
"1051","PA","Rasmussen-1",48,45,"9/21/08",44
"1052","PA","ARG-3",50,46,"9/21/08",44
"1053","PA","Financial Dynamics-5",43,41,"9/20/08",45
"1054","PA","Mason-Dixon-3",46,44,"9/17/08",48
"1055","PA","U. of Wisconsin-4",45,45,"9/15/08",50
"1056","PA","Rasmussen-1",47,47,"9/14/08",51
"1057","PA","Marist Coll.-5",49,44,"9/13/08",52
"1058","PA","Rasmussen-1",47,45,"9/7/08",58
"1059","PA","Quinnipiac U.-5",48,45,"9/7/08",58
"1060","PA","Opinion Research-3",48,43,"8/25/08",71
"1061","PA","Quinnipiac U.-8",49,42,"8/20/08",76
"1062","PA","Rasmussen-1",45,40,"8/19/08",77
"1063","PA","Susquehanna Polling-4",46,41,"8/12/08",84
"1064","PA","Franklin+Marshall Coll.-7",46,41,"8/7/08",89
"1065","PA","Quinnipiac U.-7",49,42,"7/26/08",101
"1066","PA","Rasmussen-1",47,42,"7/23/08",104
"1067","PA","Rasmussen-1",46,42,"6/22/08",135
"1068","PA","Quinnipiac U.-8",52,40,"6/12/08",145
"1069","PA","Rasmussen-1",45,43,"5/21/08",167
"1070","PA","SurveyUSA-3",48,40,"5/17/08",171
"1071","PA","Quinnipiac U.-8",46,40,"5/16/08",172
"1072","PA","Susquehanna Polling-6",46,39,"5/3/08",185
"1073","PA","Quinnipiac U.-7",47,38,"4/26/08",192
"1074","PA","Rasmussen-1",43,44,"4/24/08",194
"1075","PA","Rasmussen-1",47,39,"4/9/08",209
"1076","PA","Temple U.-14",47,40,"4/2/08",216
"1077","PA","Quinnipiac U.-8",43,39,"3/27/08",222
"1078","PA","Rasmussen-1",43,44,"3/10/08",239
"1079","PA","Susquehanna Polling-6",41,45,"3/7/08",242
"1080","PA","SurveyUSA-3",42,47,"2/27/08",251
"1081","PA","Franklin+Marshall Coll.-6",43,44,"2/15/08",263
"1082","PA","Rasmussen-1",49,39,"2/14/08",264
"1083","PA","Muhlenberg Coll.-9",39,42,"2/13/08",265
"1084","PA","Quinnipiac U.-7",42,41,"2/9/08",269
"1085","PA","Rasmussen-1",38,46,"1/8/08",301
"1086","PA","Election 2004-1",51,49,"1/1/08",308
"1087","RI","Opinion Factor-2",48,26,"9/30/08",35
"1088","RI","Brown U.-2",47,34,"9/15/08",50
"1089","RI","Rasmussen-1",58,39,"9/13/08",52
"1090","RI","ARG-3",59,33,"9/12/08",53
"1091","RI","Brown U.-3",51,30,"8/19/08",77
"1092","RI","Rasmussen-1",55,31,"6/30/08",127
"1093","RI","Rhode Island Coll.-10",53,25,"6/22/08",135
"1094","RI","SurveyUSA-3",53,38,"2/27/08",251
"1095","RI","Election 2004-1",60,39,"1/1/08",308
"1096","SC","SurveyUSA-2",44,52,"10/28/08",7
"1097","SC","Princeton Survey-4",42,53,"10/26/08",9
"1098","SC","Rasmussen-1",43,54,"10/20/08",15
"1099","SC","SurveyUSA-2",41,55,"10/12/08",23
"1100","SC","Winthrop U.-22",35,55,"10/8/08",27
"1101","SC","Research 2000-3",39,54,"9/23/08",42
"1102","SC","SurveyUSA-2",39,58,"9/21/08",44
"1103","SC","Rasmussen-1",45,51,"9/18/08",47
"1104","SC","ARG-4",37,59,"9/15/08",50
"1105","SC","Research 2000-2",40,53,"7/22/08",105
"1106","SC","Rasmussen-1",39,48,"6/5/08",152
"1107","SC","SurveyUSA-3",45,48,"2/27/08",251
"1108","SC","Election 2004-1",41,58,"1/1/08",308
"1109","SD","Rasmussen-1",44,53,"10/30/08",5
"1110","SD","Research 2000-3",41,50,"10/23/08",12
"1111","SD","Mason-Dixon-3",41,48,"10/14/08",21
"1112","SD","ARG-3",39,55,"9/20/08",45
"1113","SD","Rasmussen-1",37,54,"9/9/08",56
"1114","SD","Rasmussen-1",43,47,"7/9/08",118
"1115","SD","Dakota Wesleyan U.-11",34,51,"3/29/08",220
"1116","SD","Rasmussen-1",38,48,"3/4/08",245
"1117","SD","SurveyUSA-3",43,47,"2/27/08",251
"1118","SD","Election 2004-1",38,60,"1/1/08",308
"1119","TN","Research 2000-2",38,54,"10/21/08",14
"1120","TN","Rasmussen-1",42,54,"10/16/08",19
"1121","TN","Rasmussen-1",39,58,"9/29/08",36
"1122","TN","Mason-Dixon-3",39,55,"9/23/08",42
"1123","TN","Middle Tenn. State U.-13",35,55,"9/21/08",44
"1124","TN","Middle Tenn. State U.-13",36,48,"9/21/08",44
"1125","TN","ARG-4",36,59,"9/17/08",48
"1126","TN","Rasmussen-1",32,56,"8/20/08",76
"1127","TN","Rasmussen-1",36,51,"6/24/08",133
"1128","TN","Rasmussen-1",31,58,"4/3/08",215
"1129","TN","SurveyUSA-3",38,54,"2/27/08",251
"1130","TN","Middle Tenn. State U.-13",36,50,"2/17/08",261
"1131","TN","Election 2004-1",43,57,"1/1/08",308
"1132","TX","Rasmussen-1",44,54,"10/21/08",14
"1133","TX","U. of Texas-8",40,51,"10/18/08",17
"1134","TX","Research 2000-2",40,52,"10/14/08",21
"1135","TX","ARG-4",38,57,"10/6/08",29
"1136","TX","Rasmussen-1",43,52,"9/29/08",36
"1137","TX","ARG-4",36,57,"9/14/08",51
"1138","TX","Rasmussen-1",41,50,"8/21/08",75
"1139","TX","Rasmussen-1",41,50,"7/30/08",97
"1140","TX","U. of Texas-13",33,43,"7/24/08",103
"1141","TX","Rasmussen-1",39,48,"6/25/08",132
"1142","TX","Texas Lyceum-9",38,43,"6/16/08",141
"1143","TX","Rasmussen-1",39,52,"6/2/08",155
"1144","TX","Research 2000-3",39,52,"5/6/08",182
"1145","TX","Rasmussen-1",43,48,"5/1/08",187
"1146","TX","SurveyUSA-3",46,47,"2/27/08",251
"1147","TX","SurveyUSA-3",41,49,"2/24/08",254
"1148","TX","Opinion Res.-4",44,52,"2/15/08",263
"1149","TX","Election 2004-1",38,61,"1/1/08",308
"1150","UT","Dan Jones-7",32,57,"10/27/08",8
"1151","UT","Mason-Dixon-3",32,55,"10/24/08",11
"1152","UT","ARG-4",29,65,"9/11/08",54
"1153","UT","Rasmussen-1",32,64,"9/10/08",55
"1154","UT","Dan Jones-4",24,62,"9/9/08",56
"1155","UT","Mason-Dixon-3",23,62,"8/14/08",82
"1156","UT","Rasmussen-1",33,52,"6/19/08",138
"1157","UT","Dan Jones-4",29,57,"6/17/08",140
"1158","UT","Dan Jones-7",27,62,"5/16/08",172
"1159","UT","SurveyUSA-3",39,50,"2/27/08",251
"1160","UT","Election 2004-1",26,71,"1/1/08",308
"1161","VT","Research 2000-3",57,36,"10/25/08",10
"1162","VT","Rasmussen-1",60,36,"10/9/08",26
"1163","VT","ARG-5",56,38,"9/20/08",45
"1164","VT","Rasmussen-1",60,36,"9/13/08",52
"1165","VT","Research 2000-4",55,36,"9/12/08",53
"1166","VT","SurveyUSA-3",63,29,"2/27/08",251
"1167","VT","Research 2000-3",57,36,"2/20/08",258
"1168","VT","Election 2004-1",59,39,"1/1/08",308
"1169","VA","Zogby-4",51,45,"10/31/08",4
"1170","VA","SurveyUSA-3",50,46,"10/31/08",4
"1171","VA","Mason-Dixon-2",47,44,"10/29/08",6
"1172","VA","Marist Coll.-2",51,47,"10/26/08",9
"1173","VA","Rasmussen-1",51,47,"10/26/08",9
"1174","VA","SurveyUSA-2",52,43,"10/25/08",10
"1175","VA","Opinion Research-6",53,44,"10/25/08",10
"1176","VA","Financial Dynamics-5",48,44,"10/25/08",10
"1177","VA","Zogby-4",52,45,"10/24/08",11
"1178","VA","GfK Roper-5",49,42,"10/24/08",11
"1179","VA","Washington Post-4",52,44,"10/23/08",12
"1180","VA","Roanoke Coll.-8",48,39,"10/22/08",13
"1181","VA","Virg. Commonwealth U.-3",51,40,"10/21/08",14
"1182","VA","Mason-Dixon-2",47,45,"10/20/08",15
"1183","VA","Opinion Research-3",54,44,"10/20/08",15
"1184","VA","SurveyUSA-2",51,45,"10/18/08",17
"1185","VA","Rasmussen-1",54,44,"10/16/08",19
"1186","VA","Christopher Newport U.-4",49,43,"10/12/08",23
"1187","VA","Opinion Research-4",53,43,"10/12/08",23
"1188","VA","Rasmussen-1",50,47,"10/12/08",23
"1189","VA","Winthrop U.-22",45,44,"10/8/08",27
"1190","VA","Rasmussen-1",50,48,"10/5/08",30
"1191","VA","SurveyUSA-2",53,43,"10/4/08",31
"1192","VA","Suffolk U.-3",51,39,"10/4/08",31
"1193","VA","Mason-Dixon-3",45,48,"9/30/08",35
"1194","VA","Insider Advantage-1",51,45,"9/29/08",36
"1195","VA","Opinion Research-3",53,44,"9/29/08",36
"1196","VA","Rasmussen-1",50,47,"9/28/08",37
"1197","VA","ARG-3",46,49,"9/28/08",37
"1198","VA","Rasmussen-1",50,45,"9/25/08",40
"1199","VA","Rasmussen-1",48,50,"9/21/08",44
"1200","VA","SurveyUSA-3",51,45,"9/20/08",45
"1201","VA","ABC News-4",49,46,"9/19/08",46
"1202","VA","Washington Post-4",49,46,"9/19/08",46
"1203","VA","Mason-Dixon-6",44,47,"9/19/08",46
"1204","VA","ARG-4",46,48,"9/18/08",47
"1205","VA","Insider Advantage-1",46,48,"9/17/08",48
"1206","VA","Rasmussen-1",48,48,"9/14/08",51
"1207","VA","SurveyUSA-3",50,46,"9/13/08",52
"1208","VA","Financial Dynamics-5",41,48,"9/13/08",52
"1209","VA","Christopher Newport U.-5",39,48,"9/12/08",53
"1210","VA","Opinion Research-3",46,50,"9/8/08",57
"1211","VA","Rasmussen-1",47,49,"9/7/08",58
"1212","VA","SurveyUSA-3",47,49,"9/6/08",59
"1213","VA","Insider Advantage-1",43,43,"8/12/08",84
"1214","VA","Rasmussen-1",46,45,"8/12/08",84
"1215","VA","SurveyUSA-3",47,48,"8/9/08",87
"1216","VA","Rasmussen-1",44,44,"7/16/08",111
"1217","VA","SurveyUSA-3",49,47,"6/21/08",136
"1218","VA","Rasmussen-1",45,44,"6/12/08",145
"1219","VA","SurveyUSA-3",49,42,"5/17/08",171
"1220","VA","Virg. Commonwealth U.-7",36,44,"5/15/08",173
"1221","VA","Rasmussen-1",44,47,"5/8/08",180
"1222","VA","SurveyUSA-3",44,52,"4/12/08",206
"1223","VA","Rasmussen-1",41,52,"3/27/08",222
"1224","VA","SurveyUSA-3",48,47,"3/15/08",234
"1225","VA","SurveyUSA-3",47,47,"2/27/08",251
"1226","VA","Rasmussen-1",44,49,"2/19/08",259
"1227","VA","SurveyUSA-3",51,45,"2/16/08",262
"1228","VA","SurveyUSA-2",40,52,"1/16/08",293
"1229","VA","Election 2004-1",45,54,"1/1/08",308
"1230","WA","U. of Washington-5",51,39,"10/29/08",6
"1231","WA","SurveyUSA-2",56,39,"10/26/08",9
"1232","WA","Rasmussen-1",54,43,"10/22/08",13
"1233","WA","U. of Washington-9",55,34,"10/22/08",13
"1234","WA","Elway Poll-4",55,36,"10/17/08",18
"1235","WA","SurveyUSA-2",56,40,"10/12/08",23
"1236","WA","Rasmussen-1",53,43,"10/2/08",33
"1237","WA","SurveyUSA-2",54,43,"9/21/08",44
"1238","WA","ARG-3",50,44,"9/17/08",48
"1239","WA","Rasmussen-1",49,47,"9/10/08",55
"1240","WA","Elway Poll-3",45,39,"9/7/08",58
"1241","WA","SurveyUSA-3",49,45,"9/6/08",59
"1242","WA","SurveyUSA-2",51,44,"8/11/08",85
"1243","WA","Rasmussen-1",52,40,"8/6/08",90
"1244","WA","Elway Poll-10",47,35,"7/26/08",101
"1245","WA","SurveyUSA-3",55,39,"7/14/08",113
"1246","WA","Rasmussen-1",51,43,"7/9/08",118
"1247","WA","SurveyUSA-3",55,40,"6/18/08",139
"1248","WA","Rasmussen-1",53,35,"6/9/08",148
"1249","WA","SurveyUSA-3",56,39,"6/8/08",149
"1250","WA","Elway Poll-5",44,38,"5/23/08",165
"1251","WA","SurveyUSA-3",52,36,"5/17/08",171
"1252","WA","Rasmussen-1",51,40,"5/12/08",176
"1253","WA","SurveyUSA-1",54,42,"5/12/08",176
"1254","WA","SurveyUSA-3",53,40,"4/15/08",203
"1255","WA","SurveyUSA-1",51,44,"4/7/08",211
"1256","WA","Rasmussen-1",48,43,"3/27/08",222
"1257","WA","Elway Poll-3",45,39,"3/19/08",230
"1258","WA","SurveyUSA-3",52,41,"3/15/08",234
"1259","WA","Rasmussen-1",44,45,"2/28/08",250
"1260","WA","SurveyUSA-3",52,38,"2/27/08",251
"1261","WA","SurveyUSA-2",55,38,"2/3/08",275
"1262","WA","SurveyUSA-3",52,43,"1/12/08",297
"1263","WA","Election 2004-1",53,46,"1/1/08",308
"1264","WV","Zogby-4",40,50,"10/24/08",11
"1265","WV","Research 2000-3",43,49,"10/23/08",12
"1266","WV","West Virginia Wesleyan U.-2",44,49,"10/20/08",15
"1267","WV","Rasmussen-1",43,52,"10/20/08",15
"1268","WV","Opinion Research-3",44,53,"10/20/08",15
"1269","WV","Mason-Dixon-2",41,47,"10/16/08",19
"1270","WV","Insider Advantage-1",47,49,"10/13/08",22
"1271","WV","ARG-5",50,42,"10/6/08",29
"1272","WV","Rasmussen-1",42,50,"9/24/08",41
"1273","WV","Opinion Research-3",46,50,"9/22/08",43
"1274","WV","ARG-3",45,49,"9/15/08",50
"1275","WV","Mark Blankenship-4",39,44,"9/6/08",59
"1276","WV","Rasmussen-1",37,45,"6/2/08",155
"1277","WV","SurveyUSA-3",35,53,"2/27/08",251
"1278","WV","Election 2004-1",43,56,"1/1/08",308
"1279","WI","SurveyUSA-2",55,39,"10/28/08",7
"1280","WI","Research 2000-2",53,42,"10/27/08",8
"1281","WI","U. of Wisconsin-8",52,42,"10/24/08",11
"1282","WI","U. of Wisconsin-8",54,38,"10/24/08",11
"1283","WI","Rasmussen-1",51,44,"10/23/08",12
"1284","WI","Research 2000-2",52,41,"10/20/08",15
"1285","WI","U. of Wisconsin-4",53,40,"10/20/08",15
"1286","WI","SurveyUSA-2",51,43,"10/18/08",17
"1287","WI","Financial Dynamics-5",53,40,"10/18/08",17
"1288","WI","Mason-Dixon-2",51,39,"10/16/08",19
"1289","WI","St. Norbert Coll.-9",51,38,"10/13/08",22
"1290","WI","U. of Wisconsin-8",51,36,"10/11/08",24
"1291","WI","Quinnipiac U.-5",54,37,"10/10/08",25
"1292","WI","Rasmussen-1",54,44,"10/6/08",29
"1293","WI","Research 2000-2",51,41,"10/5/08",30
"1294","WI","SurveyUSA-2",52,42,"10/5/08",30
"1295","WI","Opinion Research-4",51,46,"10/4/08",31
"1296","WI","Research 2000-2",49,43,"9/22/08",43
"1297","WI","ARG-4",50,45,"9/19/08",46
"1298","WI","Quinnipiac U.-8",49,42,"9/17/08",48
"1299","WI","U. of Wisconsin-4",45,44,"9/15/08",50
"1300","WI","Rasmussen-1",48,46,"9/15/08",50
"1301","WI","Opinion Research-3",49,45,"9/15/08",50
"1302","WI","Opinion Research-3",50,47,"9/15/08",50
"1303","WI","Rasmussen-1",47,43,"8/5/08",91
"1304","WI","Wisconsin Policy Res. Inst.-2",44,38,"8/3/08",93
"1305","WI","Quinnipiac U.-9",50,39,"7/18/08",109
"1306","WI","Rasmussen-1",50,39,"7/8/08",119
"1307","WI","Quinnipiac U.-8",52,39,"6/20/08",137
"1308","WI","SurveyUSA-4",52,43,"6/14/08",143
"1309","WI","U. of Wisconsin-3",50,37,"6/9/08",148
"1310","WI","Rasmussen-1",45,43,"6/5/08",152
"1311","WI","SurveyUSA-3",48,42,"5/17/08",171
"1312","WI","Rasmussen-1",43,47,"5/5/08",183
"1313","WI","U. of Wisconsin-10",47,43,"4/19/08",199
"1314","WI","SurveyUSA-3",49,44,"4/12/08",206
"1315","WI","St. Norbert Coll.-12",46,42,"3/30/08",219
"1316","WI","Rasmussen-1",46,48,"3/26/08",223
"1317","WI","SurveyUSA-3",48,44,"3/15/08",234
"1318","WI","SurveyUSA-3",51,40,"2/27/08",251
"1319","WI","Rasmussen-1",44,43,"2/21/08",257
"1320","WI","SurveyUSA-3",52,42,"2/16/08",262
"1321","WI","Election 2004-1",50,49,"1/1/08",308
"1322","WY","Research 2000-3",36,61,"10/28/08",7
"1323","WY","SurveyUSA-2",37,58,"10/18/08",17
"1324","WY","Research 2000-3",35,58,"10/15/08",20
"1325","WY","Mason-Dixon-2",32,58,"10/13/08",22
"1326","WY","Research 2000-3",36,57,"9/23/08",42
"1327","WY","Rasmussen-1",39,58,"9/10/08",55
"1328","WY","ARG-3",28,66,"9/10/08",55
"1329","WY","Mason-Dixon-3",25,62,"8/14/08",82
"1330","WY","Research 2000-2",40,53,"5/20/08",168
"1331","WY","SurveyUSA-3",35,54,"2/27/08",251
"1332","WY","Election 2004-1",29,69,"1/1/08",308
